{"imputer_statistics": [0.00042625474108502444, 0.0018156836006722066, -0.0010373553269696213, 0.0006669071515191723, 0.0011312183451308033, 0.0006690066769784457, -0.0004059241681429251, -0.0010239643609571154, 0.0003456614015162211, -0.0011312130936808817], "minmax_min": [-0.10359309315633439, -0.044641636506989144, -0.08165279930746305, -0.09298112304029466, -0.09425314434863875, -0.09675213412581526, -0.07653558588880739, -0.0763945037500033, -0.09643494994048712, -0.1012338427011631], "minmax_max": [0.09107464243379627, 0.05068011873981862, 0.1195962711275596, 0.10450080893441897, 0.1272064681788316, 0.12775965555419178, 0.12227285553188745, 0.12117409741961835, 0.1296451212543382, 0.1239310891892377], "robust_center": [0.00042625474108502444, 0.0018156836006722066, -0.0014660305836267612, 0.0006669071515191723, 0.0011312183451308033, 0.0006690066769784457, -0.0004059241681429251, -0.002592261998183278, 0.0003456614015162211, -0.0011312130936808817], "robust_scale": [0.05812061521631073, 0.09532175524680776, 0.05604622784180157, 0.061394640026831954, 0.05366216146984371, 0.05213921888795757, 0.05154292925721718, 0.07380224175182001, 0.05846291733899375, 0.045563176063179014], "maxabs_max": [0.10359309315633439, 0.05068011873981862, 0.1195962711275596, 0.10450080893441897, 0.1272064681788316, 0.12775965555419178, 0.12227285553188745, 0.12117409741961835, 0.1296451212543382, 0.1239310891892377]}