{"minmax_min": [-0.10359309315633439, -0.044641636506989144, -0.08165279930746305, -0.09298112304029466, -0.09425314434863875, -0.09675213412581526, -0.07653558588880739, -0.0763945037500033, -0.09643494994048712, -0.1012338427011631], "minmax_max": [0.09107464243379627, 0.05068011873981862, 0.1195962711275596, 0.10450080893441897, 0.1272064681788316, 0.12775965555419178, 0.12227285553188745, 0.12117409741961835, 0.1296451212543382, 0.1239310891892377], "robust_center": [0.0003306972494801077, 0.001933297069299206, -0.0014660305836267607, 0.0006669071515191718, 0.0011312183451308027, 0.000669006676978445, -0.0004059241681429249, -0.002592261998183278, 0.00034566140151622016, -0.001131213093680883], "robust_scale": [0.05812061521631073, 0.09532175524680776, 0.05604622784180157, 0.061394640026831954, 0.05366216146984371, 0.05213921888795757, 0.05154292925721718, 0.07380224175182001, 0.05846291733899375, 0.045563176063179014], "maxabs_max": [0.10359309315633439, 0.05068011873981862, 0.1195962711275596, 0.10450080893441897, 0.1272064681788316, 0.12775965555419178, 0.12227285553188745, 0.12117409741961835, 0.1296451212543382, 0.1239310891892377], "imputer_statistics": [0.0003306972494801077, 0.001933297069299206, -0.0010373553269696207, 0.0006669071515191718, 0.0011312183451308027, 0.000669006676978445, -0.0004059241681429249, -0.001023964360957104, 0.00034566140151622016, -0.001131213093680883]}